﻿<?xml version="1.0" encoding="utf-8"?>
<info>
  <label filename="skin_vc_首页浮动分类自适应一.html" category="" />
  <label filename="skin_vc_首页浮动分类自适应二.html" category="" />
  <label filename="skin_vc_首页浮动分类品牌.html" category="" />
  <label filename="skin_vc_首页浮动分类活动.html" category="" />
  <label filename="skin_vc_底部帮助自适应.html" category="" />
  <label filename="skin_vc_首页商品分类自适应.html" category="" />
  <label filename="skin_vc_首页分类商品自适应.html" category="" />
  <label filename="skin_vc_资讯列表二级分类自适应.html" category="" />
</info>